{
    "loss": 3.7394747734069824,
    "accuracy": 0.5344827771186829
}